city_id,City,Cloudiness,Country,Date,Humidity,Lat,Lng,Max Temp,Wind Speed
0,saint-augustin,100,CA,1597861191,92,51.23,-58.65,58.59,6.89
1,severo-kurilsk,100,RU,1597861209,91,50.68,156.12,51.49,14.09
2,belyy yar,25,RU,1597861610,93,53.6,91.39,53.6,2.24
3,ribeira grande,40,PT,1597861612,53,38.52,-28.7,75.2,10.29
4,shenjiamen,0,CN,1597861613,89,29.96,122.3,80.58,12.03
5,norman wells,40,CA,1597861161,54,65.28,-126.83,59.0,3.36
6,rikitea,100,PF,1597861159,83,-23.12,-134.97,71.56,9.08
7,abu samrah,0,SY,1597861617,48,35.3,37.18,75.65,11.95
8,saint-joseph,90,RE,1597861228,64,-21.37,55.62,71.01,2.24
9,albany,32,US,1597860983,49,42.6,-73.97,73.99,7.78
10,kiunga,75,PG,1597861619,97,-6.12,141.29,72.79,1.97
11,jamestown,40,US,1597861158,55,42.1,-79.24,70.0,9.17
12,bredasdorp,81,ZA,1597861177,76,-34.53,20.04,50.0,4.7
13,avarua,98,CK,1597861176,81,-21.21,-159.78,74.03,27.6
14,ponta delgada,20,PT,1597861621,56,37.73,-25.67,73.4,10.29
15,sao felix do xingu,8,BR,1597861622,22,-6.64,-51.99,100.8,6.67
16,victor harbor,21,AU,1597861623,90,-35.57,138.62,48.0,12.17
17,cananeia,100,BR,1597861623,79,-25.01,-47.93,66.58,6.15
18,cape town,20,ZA,1597860969,81,-33.93,18.42,55.0,8.05
19,nikolskoye,0,RU,1597860913,55,59.7,30.79,64.4,6.71
20,itarema,64,BR,1597861210,57,-2.92,-39.92,85.3,21.77
21,busselton,96,AU,1597861171,77,-33.65,115.33,43.0,2.04
22,lorengau,14,PG,1597861193,78,-2.02,147.27,82.02,8.23
23,faya,72,SA,1597861197,73,18.39,42.45,75.2,4.7
24,kiruna,69,SE,1597861628,67,67.86,20.23,59.0,5.82
25,tasiilaq,20,GL,1597861174,57,65.61,-37.64,51.8,10.29
26,narsaq,75,GL,1597861228,54,60.92,-46.05,59.0,9.17
27,lasem,19,ID,1597861631,75,-6.69,111.45,77.5,6.11
28,mataura,47,NZ,1597861159,97,-46.19,168.86,44.01,1.99
29,punta arenas,20,CL,1597861158,70,-53.15,-70.92,48.2,34.45
30,port alfred,45,ZA,1597861163,77,-33.59,26.89,53.15,11.97
31,waipawa,76,NZ,1597861634,87,-41.41,175.52,53.6,16.11
32,kapaa,75,US,1597861158,78,22.08,-159.32,80.01,11.41
33,betong,98,TH,1597861636,93,5.77,101.07,73.45,0.47
34,haines junction,100,CA,1597861637,69,60.75,-137.51,51.13,1.05
35,ushuaia,40,AR,1597860922,75,-54.8,-68.3,42.8,29.97
36,cota,40,CO,1597861548,45,4.81,-74.1,68.0,6.93
37,bowen,0,AU,1597861640,93,-20.02,148.23,66.0,8.05
38,upernavik,94,GL,1597861212,68,72.79,-56.15,50.97,1.34
39,souillac,75,MU,1597861158,68,-20.52,57.52,71.6,14.99
40,guarapari,0,BR,1597861641,68,-20.67,-40.5,82.0,21.56
41,krasnogorsk,93,RU,1597861642,62,55.82,37.32,63.0,6.71
42,maraba,20,BR,1597861643,41,-5.37,-49.12,95.0,6.93
43,east london,48,ZA,1597861178,66,-33.02,27.91,56.79,14.79
44,atuona,29,PF,1597861168,75,-9.8,-139.03,79.21,24.34
45,husavik,20,IS,1597861645,66,66.04,-17.34,53.6,10.29
46,puerto ayora,40,EC,1597861180,61,-0.74,-90.35,77.0,21.92
47,los llanos de aridane,20,ES,1597861196,73,28.66,-17.92,77.0,12.75
48,svirstroy,41,RU,1597861647,68,60.8,33.72,55.58,3.33
49,hilo,90,US,1597861649,83,19.73,-155.09,77.0,10.29
50,ilorin,72,NG,1597861649,73,8.5,4.55,79.34,4.45
51,georgetown,40,MY,1597861161,88,5.41,100.34,82.4,6.93
52,port lincoln,20,AU,1597861252,75,-34.73,135.87,52.12,13.94
53,komsomolskiy,79,UZ,1597861238,68,40.43,71.72,69.8,4.7
54,nizwa,51,OM,1597861652,34,22.93,57.53,96.35,1.07
55,shelburne,20,CA,1597861654,52,44.08,-80.2,70.0,10.29
56,acarau,65,BR,1597861657,54,-2.89,-40.12,86.88,22.44
57,barrow,90,US,1597860930,86,71.29,-156.79,41.0,11.41
58,salalah,90,OM,1597861175,94,17.02,54.09,78.8,4.7
59,ilulissat,40,GL,1597861182,35,69.22,-51.1,55.4,5.82
60,cherskiy,68,RU,1597861217,87,68.75,161.3,40.24,6.91
61,kieta,38,PG,1597861231,76,-6.22,155.63,78.17,3.69
62,karanja,99,IN,1597861661,93,20.48,77.48,75.04,16.96
63,sobolevo,100,RU,1597861661,94,54.43,31.9,58.96,11.27
64,ponta do sol,40,PT,1597861180,73,32.67,-17.1,77.0,4.7
65,alvand,3,IR,1597861663,76,36.32,49.17,58.17,6.02
66,san miguel,20,SV,1597861663,70,13.48,-88.18,89.6,2.24
67,yellowknife,90,CA,1597860956,100,62.46,-114.35,57.2,8.05
68,bilma,8,NE,1597861665,11,18.69,12.92,99.59,4.65
69,tabou,93,CI,1597861666,83,4.42,-7.35,76.73,12.55
70,gerash,1,IR,1597861666,34,27.67,54.14,96.8,5.21
71,kodiak,90,US,1597861169,71,57.79,-152.41,57.2,6.93
72,jiuquan,0,CN,1597861668,33,39.74,98.52,68.61,6.02
73,yertarskiy,100,RU,1597861668,97,56.79,64.3,49.87,8.21
74,road town,20,VG,1597861669,62,18.42,-64.62,89.6,8.05
75,bluff,72,NZ,1597861188,97,-46.6,168.33,44.01,1.99
76,nueve de julio,26,AR,1597861670,44,-35.44,-60.88,51.01,5.99
77,calvinia,6,ZA,1597861671,55,-31.47,19.78,45.79,2.26
78,bethel,20,US,1597861213,77,41.37,-73.41,72.0,5.82
79,faanui,18,PF,1597861177,80,-16.48,-151.75,77.97,25.97
80,adrar,1,MR,1597861673,17,20.5,-10.07,103.12,14.83
81,lincoln,1,US,1597860949,47,40.8,-96.67,82.0,10.29
82,constitucion,0,CL,1597861055,54,-35.33,-72.42,54.03,13.56
83,dalaba,86,GN,1597861678,100,10.7,-12.25,69.78,3.47
84,salamanca,0,ES,1597861493,20,40.83,-6.0,84.0,10.0
85,hermanus,84,ZA,1597861163,87,-34.42,19.23,46.99,11.9
86,hervey bay,0,AU,1597861680,93,-25.3,152.85,62.01,10.07
87,lagoa,45,PT,1597861265,64,39.05,-27.98,68.29,13.8
88,chapais,90,CA,1597861063,87,49.78,-74.85,53.6,11.41
89,tautira,20,PF,1597861682,69,-17.73,-149.15,78.8,2.24
90,daro,82,GN,1597861683,95,8.52,-9.57,74.57,2.55
91,chokurdakh,100,RU,1597861163,97,70.63,147.92,34.32,8.39
92,nouadhibou,0,MR,1597861160,78,20.93,-17.03,73.4,23.04
93,petropavlovsk-kamchatskiy,90,RU,1597861191,100,53.05,158.65,50.0,13.42
94,baraya,75,CO,1597861686,55,3.15,-75.05,87.8,5.82
95,vredendal,16,ZA,1597861687,69,-31.67,18.5,50.76,10.25
96,gao,48,ML,1597861687,47,16.64,1.64,86.65,11.86
97,bend,1,US,1597861371,29,44.06,-121.32,80.01,0.87
98,caravelas,69,BR,1597861689,74,-17.71,-39.25,77.29,10.98
99,kenai,90,US,1597861208,93,60.55,-151.26,57.0,3.36
100,gasa,0,PS,1597861690,44,31.5,34.47,82.0,7.58
101,kuusamo,85,FI,1597861691,72,65.97,29.18,60.8,5.82
102,melioratorov,90,RU,1597861691,100,57.21,65.61,51.8,8.95
103,biritiba-mirim,20,BR,1597861692,54,-23.57,-46.04,80.6,12.75
104,new norfolk,70,AU,1597861165,91,-42.78,147.06,46.0,1.01
105,phan thiet,99,VN,1597861407,88,10.93,108.1,77.67,7.67
106,skibbereen,90,IE,1597861687,100,51.55,-9.27,62.6,6.93
107,san pedro de macoris,40,DO,1597861471,52,18.46,-69.3,93.2,11.41
108,lompoc,1,US,1597861245,48,34.64,-120.46,82.4,10.29
109,amurzet,80,RU,1597861699,77,47.7,131.1,49.86,6.82
110,houma,40,US,1597861699,46,29.6,-90.72,95.0,4.7
111,nelson bay,40,AU,1597861214,62,-32.72,152.15,55.0,17.22
112,cabo san lucas,90,MX,1597861184,88,22.89,-109.91,78.01,21.92
113,sao filipe,21,CV,1597861165,74,14.9,-24.5,78.98,13.91
114,dwarka,100,IN,1597861209,82,22.24,68.97,83.19,17.6
115,longyearbyen,75,SJ,1597861174,75,78.22,15.64,44.6,3.36
116,novikovo,71,RU,1597861704,70,51.15,37.89,67.46,9.78
117,north battleford,1,CA,1597861455,51,52.78,-108.28,80.6,10.33
118,codrington,86,AU,1597861171,81,-38.27,141.97,46.74,14.65
119,san carlos de bariloche,0,AR,1597861218,41,-41.15,-71.31,39.2,6.93
120,bafia,100,CM,1597861706,92,4.75,11.23,72.99,4.68
121,aklavik,75,CA,1597861190,82,68.22,-135.01,55.4,3.36
122,dakar,40,SN,1597861708,74,14.69,-17.44,86.0,9.17
123,vaini,90,TO,1597861174,100,-21.2,-175.2,75.2,12.75
124,nishihara,20,JP,1597861261,79,26.18,127.76,84.2,6.93
125,ketchikan,1,US,1597861518,87,55.34,-131.65,60.8,3.36
126,bara,82,NG,1597861710,67,10.37,10.73,82.45,5.14
127,namatanai,92,PG,1597861711,84,-3.67,152.43,78.57,5.57
128,kaitangata,67,NZ,1597861169,83,-46.28,169.85,48.99,1.99
129,auki,100,SB,1597861712,80,-8.77,160.7,78.17,3.0
130,kendari,18,ID,1597861703,85,-3.94,122.5,70.05,1.79
131,vardo,72,NO,1597861173,87,70.37,31.11,53.6,16.11
132,carnarvon,96,AU,1597861172,55,-24.87,113.63,62.6,9.17
133,ahipara,24,NZ,1597861717,91,-35.17,173.17,57.15,11.18
134,hithadhoo,73,MV,1597861173,71,-0.6,73.08,83.68,5.28
135,bani,40,DO,1597861718,59,18.28,-70.33,91.99,11.41
136,yuksekova,0,TR,1597861719,77,37.57,44.29,66.2,9.17
137,vostok,96,RU,1597861230,100,46.49,135.88,48.4,2.53
138,robertsport,89,LR,1597861720,86,6.75,-11.37,77.05,16.78
139,san patricio,75,MX,1597861199,74,19.22,-104.7,87.8,11.41
140,kaeo,20,NZ,1597861722,58,-35.1,173.78,55.99,8.99
141,gaur,50,NP,1597861722,74,26.77,85.27,84.52,9.15
142,cockburn town,40,TC,1597861221,66,21.46,-71.14,87.8,13.87
143,harper,98,LR,1597861181,83,4.38,-7.72,76.82,12.57
144,dikson,64,RU,1597861159,69,73.51,80.55,51.71,11.21
145,banda aceh,49,ID,1597861175,77,5.56,95.32,79.86,6.08
146,begoro,40,GH,1597861725,82,6.39,-0.38,74.89,5.08
147,meulaboh,55,ID,1597861225,84,4.14,96.13,78.46,4.76
148,bloomfield,90,US,1597861727,78,40.81,-74.19,73.99,6.93
149,khatanga,7,RU,1597861182,69,71.97,102.5,47.01,14.29
150,mehamn,75,NO,1597861169,63,71.04,27.85,62.6,8.05
151,luderitz,0,NA,1597861249,30,-26.65,15.16,63.39,15.84
152,te anau,59,NZ,1597861240,89,-45.42,167.72,39.6,1.39
153,lebu,0,CL,1597861167,65,-37.62,-73.65,49.05,20.4
154,isangel,2,VU,1597861205,76,-19.55,169.27,66.6,3.29
155,butaritari,8,KI,1597860906,74,3.07,172.79,82.89,7.0
156,ereymentau,27,KZ,1597861732,70,51.62,73.1,53.04,11.5
157,cap malheureux,26,MU,1597861733,65,-19.98,57.61,72.0,3.0
158,muros,100,ES,1597861174,86,42.78,-9.06,69.01,24.0
159,hambantota,93,LK,1597861187,79,6.12,81.12,80.17,16.91
160,saint-philippe,90,RE,1597861187,64,-21.36,55.77,71.01,2.24
161,dodola,71,ET,1597861738,87,6.98,39.18,53.53,2.35
162,isiro,52,CD,1597861738,98,2.77,27.62,69.04,3.22
163,maryborough,0,AU,1597861739,47,-25.53,152.7,56.1,4.45
164,cherrapunji,86,IN,1597861740,100,25.3,91.7,61.97,1.23
165,derzhavinsk,53,KZ,1597861740,51,51.1,66.32,56.3,13.04
166,hobyo,37,SO,1597861741,84,5.35,48.53,77.45,20.96
167,riyadh,70,SA,1597861168,11,24.69,46.72,95.0,8.05
168,san cristobal,40,VE,1597861212,49,7.77,-72.22,91.4,6.93
169,sinnamary,53,GF,1597861704,77,5.38,-52.95,83.16,11.65
170,bengkulu,85,ID,1597861181,86,-3.8,102.27,77.27,4.09
171,kruisfontein,2,ZA,1597861173,85,-34.0,24.73,46.99,5.48
172,santa rosa,100,PH,1597861745,100,14.31,121.11,77.0,2.24
173,warrington,100,GB,1597861746,93,53.39,-2.58,68.0,1.99
174,vila velha,40,BR,1597860987,74,-20.33,-40.29,82.0,20.8
175,scarborough,100,GB,1597861747,93,54.28,-0.4,64.0,5.01
176,necochea,73,AR,1597861261,63,-38.55,-58.74,46.0,10.0
177,yar-sale,9,RU,1597860904,67,66.83,70.83,56.59,15.68
178,jieshi,60,CN,1597861749,85,22.81,115.83,80.85,6.26
179,gat,0,IL,1597861200,45,31.61,34.76,82.0,5.88
180,pingxiang,60,CN,1597861751,84,27.62,113.85,78.3,1.92
181,longyan,45,CN,1597861751,85,25.11,117.02,73.18,0.29
182,almenara,61,BR,1597861752,56,-16.18,-40.69,81.82,5.44
183,jacareacanga,0,BR,1597861755,39,-6.22,-57.75,98.6,8.05
184,vestmannaeyjar,75,IS,1597861723,81,63.44,-20.27,48.2,23.04
185,tura,15,IN,1597861259,89,25.52,90.22,75.06,7.45
186,hamilton,40,US,1597861547,44,39.18,-84.53,80.01,9.17
187,fort nelson,20,CA,1597860956,72,58.81,-122.7,62.6,4.7
188,austin,1,US,1597861502,25,30.27,-97.74,98.6,8.05
189,ullapool,53,GB,1597861760,77,57.9,-5.16,62.01,5.01
190,touros,20,BR,1597861761,65,-5.2,-35.46,82.4,11.41
191,coihaique,49,CL,1597861208,49,-45.58,-72.07,46.4,4.7
192,richards bay,6,ZA,1597861164,67,-28.78,32.04,61.2,10.42
193,zaysan,0,KZ,1597861750,31,47.47,84.87,65.26,8.01
194,margate,100,GB,1597861548,99,51.38,1.39,68.0,7.0
195,aykhal,47,RU,1597861765,93,66.0,111.5,39.2,6.71
196,bataipora,100,BR,1597861765,87,-22.3,-53.27,60.35,13.29
197,buraydah,0,SA,1597861766,15,26.33,43.98,96.8,6.93
198,istok,75,XK,1597861767,77,42.78,20.49,66.99,3.36
199,esperantina,52,BR,1597861767,20,-3.9,-42.23,102.78,2.46
200,alofi,92,NU,1597861193,100,-19.06,-169.92,75.2,8.05
201,mar del plata,75,AR,1597861065,49,-38.0,-57.56,46.4,17.22
202,santa vitoria do palmar,36,BR,1597861770,49,-33.52,-53.37,53.24,14.0
203,kabare,93,CD,1597861770,50,-2.47,28.82,68.7,3.49
204,killybegs,90,IE,1597861771,93,54.63,-8.45,64.4,19.46
205,lazaro cardenas,96,MX,1597861244,70,17.96,-102.2,83.88,5.95
206,hobart,40,AU,1597861688,75,-42.88,147.33,46.0,5.82
207,ponto novo,82,BR,1597861775,32,-10.86,-40.13,86.9,8.25
208,victoria,99,HK,1597861637,91,22.29,114.16,81.0,5.99
209,manaus,40,BR,1597861777,56,-3.1,-60.02,96.8,4.7
210,arraial do cabo,5,BR,1597861221,61,-22.97,-42.03,82.4,13.87
211,qaanaaq,93,GL,1597861189,75,77.48,-69.36,46.96,5.53
212,cayenne,30,GF,1597861194,94,4.93,-52.33,78.8,4.7
213,laguna,20,US,1597861689,24,38.42,-121.42,95.0,3.36
214,palauig,100,PH,1597861781,80,15.44,119.9,79.61,5.21
215,hami,98,CN,1597861647,25,42.8,93.45,85.21,10.51
216,xining,67,CN,1597861253,75,36.62,101.77,54.59,2.68
217,makakilo city,1,US,1597861783,61,21.35,-158.09,80.6,5.82
218,smalininkai,47,LT,1597861784,92,55.07,22.58,65.73,4.65
219,bayangol,97,RU,1597861785,91,50.7,103.47,51.39,1.16
220,yanam,100,IN,1597861786,94,16.73,82.22,75.43,9.37
221,atar,44,MR,1597861678,10,20.52,-13.05,107.73,10.98
222,hofn,20,IS,1597861243,70,64.25,-15.21,48.2,17.22
223,rocha,2,UY,1597861788,56,-34.48,-54.33,49.66,16.91
224,oriximina,74,BR,1597861789,39,-1.77,-55.87,96.22,3.29
225,chokwe,0,MZ,1597861789,64,-24.53,32.98,59.97,6.76
226,barra patuca,63,HN,1597861790,71,15.8,-84.28,85.14,5.66
227,vestmanna,98,FO,1597861744,71,62.16,-7.17,55.4,10.29
228,esperance,40,AU,1597861217,100,-33.87,121.9,48.2,4.7
229,bathsheba,40,BB,1597861253,70,13.22,-59.52,87.8,20.8
230,talara,22,PE,1597861793,64,-4.58,-81.27,71.6,17.22
231,camocim,83,BR,1597861794,45,-2.9,-40.84,90.63,17.36
232,cairns,0,AU,1597861224,100,-16.92,145.77,60.8,1.12
233,geraldton,99,AU,1597861797,87,-28.77,114.6,50.0,4.7
234,ossora,100,RU,1597861262,84,59.24,163.07,54.28,17.11
235,cabatuan,99,PH,1597861798,87,10.88,122.49,76.03,2.39
236,kavieng,74,PG,1597861799,74,-2.57,150.8,82.54,7.63
237,mingaora,0,PK,1597861722,66,34.78,72.36,76.06,4.79
238,tulsipur,97,NP,1597861800,87,28.13,82.3,84.0,3.04
239,ayagoz,5,KZ,1597861257,32,47.97,80.44,64.85,8.72
240,humaita,3,BR,1597861802,20,-7.51,-63.02,105.78,4.27
241,lufkin,20,US,1597861766,40,31.34,-94.73,89.6,4.7
242,honiara,20,SB,1597861776,100,-9.43,159.95,73.4,2.24
243,belem de sao francisco,100,BR,1597861804,21,-8.75,-38.97,90.99,13.62
244,manaure,75,CO,1597861805,88,11.78,-72.44,80.6,6.93
245,dekernes,0,EG,1597861807,90,31.09,31.59,70.12,4.36
246,dongzhen,100,CN,1597861807,89,22.38,110.94,75.72,2.62
247,araouane,50,ML,1597861809,24,18.9,-3.53,100.81,10.31
248,libertador general san martin,71,AR,1597861810,26,-23.81,-64.79,70.0,1.99
249,katsuura,20,JP,1597861810,88,35.13,140.3,80.6,10.29
250,lerwick,90,GB,1597861768,100,60.15,-1.15,59.0,10.29
251,nuuk,5,GL,1597861811,71,64.18,-51.72,51.8,16.11
252,nikki,100,BJ,1597861812,91,9.94,3.21,74.28,5.59
253,khor,91,RU,1597861813,81,47.89,134.95,49.35,7.74
254,rio gallegos,99,AR,1597861709,70,-51.62,-69.22,46.4,24.16
255,takoradi,0,GH,1597861816,85,4.88,-1.76,75.69,9.71
256,yutsa,0,RU,1597861817,35,43.96,43.01,73.0,4.47
257,sarankhola,100,BD,1597861818,91,22.31,89.79,79.5,11.95
258,leninskoye,9,RU,1597861819,79,47.94,132.62,50.54,7.61
259,chuy,29,UY,1597861820,50,-33.7,-53.46,51.49,14.97
260,mirnyy,9,RU,1597861820,81,62.54,113.96,51.8,13.42
261,batagay,97,RU,1597861821,81,67.63,134.63,37.47,5.64
262,palmer,75,US,1597861263,50,42.16,-72.33,77.0,5.82
263,tuktoyaktuk,90,CA,1597861763,100,69.45,-133.04,46.4,9.17
264,lata,0,PT,1597861233,62,40.16,-8.33,80.01,5.01
265,alice springs,0,AU,1597861669,34,-23.7,133.88,50.0,5.82
266,port hawkesbury,40,CA,1597861826,61,45.62,-61.35,79.0,10.29
267,bubaque,89,GW,1597861701,84,11.28,-15.83,81.82,13.49
268,maniitsoq,0,GL,1597861716,70,65.42,-52.9,49.44,6.46
269,kalabo,0,ZM,1597861828,24,-14.97,22.68,67.62,8.9
270,labuhan,64,ID,1597861243,76,-6.88,112.21,77.14,6.98
271,naze,0,JP,1597861830,94,28.37,129.48,78.8,2.24
272,tiksi,71,RU,1597861831,88,71.69,128.87,35.1,5.01
273,bondo,92,CD,1597861832,98,3.81,23.69,69.12,1.68
274,berdigestyakh,63,RU,1597861742,79,62.1,126.7,46.24,5.3
275,aginskoye,76,RU,1597861834,68,51.1,114.53,48.06,7.0
276,provideniya,99,RU,1597861835,72,64.38,-173.3,52.72,2.57
277,christchurch,90,NZ,1597861642,100,-43.53,172.63,46.4,3.36
278,kampong thum,100,KH,1597861838,84,12.71,104.89,75.52,4.41
279,san felipe,74,VE,1597861839,80,10.34,-68.74,83.52,2.86
280,dalvik,20,IS,1597861840,66,65.97,-18.53,53.6,10.29
281,yagodnoye,100,RU,1597861841,91,62.55,149.67,46.49,6.96
282,iqaluit,90,CA,1597861841,93,63.75,-68.51,46.4,12.75
283,saint-georges,20,GD,1597861551,66,12.06,-61.75,89.6,13.87
284,plettenberg bay,24,ZA,1597861780,66,-34.05,23.37,51.03,4.18
285,pevek,83,RU,1597861843,72,69.7,170.31,43.05,9.53
286,padang,73,ID,1597861659,78,-0.95,100.35,79.23,3.04
287,bella union,96,UY,1597861845,50,-30.28,-57.6,54.21,19.89
288,lavrentiya,100,RU,1597861846,79,65.58,-171.0,50.41,4.68
289,roma,75,US,1597861804,43,43.21,-75.46,73.4,14.99
290,talnakh,0,RU,1597861848,54,69.49,88.4,55.4,8.95
291,otukpo,99,NG,1597861849,91,7.19,8.13,76.12,1.61
292,ambilobe,8,MG,1597861748,70,-13.2,49.05,68.88,5.82
293,awjilah,0,LY,1597861850,39,29.11,21.29,86.29,16.24
294,elk city,40,US,1597861851,35,35.41,-99.4,84.2,8.05
295,chicama,5,PE,1597861852,54,-7.84,-79.15,71.02,11.74
296,lasa,40,IT,1597861853,59,46.62,10.7,64.4,3.36
297,hakodate,16,JP,1597861854,91,41.78,140.74,72.48,5.77
298,guerrero negro,2,MX,1597861744,43,27.98,-114.06,87.48,9.84
299,sicamous,53,CA,1597861852,58,50.83,-118.99,70.0,4.61
300,kyra,0,RU,1597861859,83,49.58,111.98,48.34,3.53
301,svetlogorsk,87,BY,1597861264,89,52.63,29.73,65.55,8.08
302,tezu,75,IN,1597861861,79,27.92,96.17,74.98,4.94
303,independencia,75,BR,1597861861,24,-5.4,-40.31,93.31,8.05
304,dingle,92,PH,1597861862,90,11.0,122.67,75.58,2.1
305,lakes entrance,100,AU,1597861863,76,-37.88,147.98,46.0,5.99
306,saint-pierre,90,RE,1597861864,64,-21.34,55.48,70.0,2.24
307,saint anthony,1,US,1597861864,51,45.02,-93.22,82.0,10.29
308,marsh harbour,100,BS,1597861752,70,26.54,-77.06,85.53,11.92
309,nanortalik,49,GL,1597861866,86,60.14,-45.24,46.0,12.46
310,hualmay,35,PE,1597861792,65,-11.1,-77.61,66.54,13.06
311,klaksvik,100,FO,1597861867,71,62.23,-6.59,55.4,10.29
312,byron bay,0,AU,1597861868,38,-28.65,153.62,60.01,14.99
313,roald,75,NO,1597861869,93,62.58,6.13,61.0,3.36
314,innisfail,0,AU,1597861870,65,-17.53,146.03,63.39,3.11
315,morros,67,BR,1597861870,15,-9.45,-46.3,96.75,5.97
316,loa janan,0,ID,1597861871,96,-0.58,117.09,72.61,2.28
317,waingapu,0,ID,1597861683,78,-9.66,120.26,72.14,4.18
318,aldan,93,RU,1597861872,80,58.6,125.39,46.71,5.97
319,panaba,79,MX,1597861874,49,21.28,-88.27,92.28,3.91
320,castro,100,BR,1597861723,96,-24.79,-50.01,51.08,4.43
321,mayo,1,US,1597861877,69,38.89,-76.51,82.0,4.7
322,monetnyy,75,RU,1597861878,100,57.05,60.88,48.2,13.42
323,clyde river,75,CA,1597861878,76,70.47,-68.59,55.4,9.17
324,khani,75,GE,1597861879,83,41.96,42.96,75.2,3.36
325,ostrovnoy,39,RU,1597861743,76,68.05,39.51,50.85,8.75
326,hohhot,2,CN,1597861880,82,40.81,111.65,59.0,4.47
327,harrislee,100,DE,1597861881,53,54.8,9.38,73.4,11.41
328,zhuhai,40,CN,1597861882,88,22.28,113.57,82.4,9.17
329,maloy,40,NO,1597861882,72,61.94,5.11,64.4,6.93
330,praia da vitoria,40,PT,1597861883,53,38.73,-27.07,75.2,13.76
331,hirara,0,JP,1597861704,79,24.8,125.28,84.2,9.26
332,banyo,100,CM,1597861885,91,6.75,11.82,68.04,2.91
333,yulara,0,AU,1597861885,49,-25.24,130.99,46.4,8.05
334,coquimbo,0,CL,1597861881,62,-29.95,-71.34,57.2,12.75
335,fasa,0,IR,1597861887,31,28.94,53.65,87.8,3.24
336,aden,28,YE,1597861692,67,12.78,45.04,86.94,1.23
337,torbay,75,CA,1597861888,77,47.67,-52.73,71.01,21.92
338,saldanha,54,ZA,1597861758,71,-33.01,17.94,51.8,3.36
339,requena,0,ES,1597861889,46,39.49,-1.1,84.99,7.67
340,nalut,4,LY,1597861890,11,30.33,10.85,92.91,5.73
341,taksimo,35,RU,1597861891,73,56.34,114.88,50.05,1.01
342,beringovskiy,92,RU,1597861892,57,63.05,179.32,53.13,4.56
343,pangody,100,RU,1597861743,77,65.85,74.49,60.71,10.6
344,ust-nera,97,RU,1597861685,75,64.57,143.2,45.91,5.86
345,ojinaga,40,MX,1597861895,21,29.57,-104.42,95.0,10.29
346,bintulu,40,MY,1597861897,88,3.17,113.03,80.6,4.7
347,port elizabeth,0,ZA,1597861898,71,-33.92,25.57,53.6,10.29
348,bambous virieux,75,MU,1597861898,68,-20.34,57.76,72.0,14.99
349,haldwani,98,IN,1597861899,76,29.22,79.52,78.6,3.24
350,nome,90,US,1597861900,93,64.5,-165.41,52.0,11.41
351,flinders,70,AU,1597861775,59,-34.58,150.86,54.0,14.0
352,grindavik,90,IS,1597861901,93,63.84,-22.43,50.0,4.7
353,erdenet,63,MN,1597861902,84,49.03,104.08,55.71,3.8
354,college,75,US,1597861672,71,64.86,-147.8,59.0,4.7
355,brasilia,20,BR,1597861890,23,-15.78,-47.93,88.0,10.29
356,nampula,20,MZ,1597861904,73,-15.12,39.27,77.0,13.87
357,burns lake,100,CA,1597861905,37,54.23,-125.75,66.04,2.24
358,tvoroyri,100,FO,1597861905,71,61.56,-6.81,55.4,10.29
359,jalu,0,LY,1597861696,18,29.03,21.55,88.39,5.61
360,itupiranga,20,BR,1597861907,41,-5.13,-49.33,95.0,6.93
361,aksarka,0,RU,1597861907,77,66.56,67.8,55.8,14.83
362,ekhabi,100,RU,1597861908,85,53.51,142.97,53.08,19.98
363,fortuna,14,US,1597861909,93,40.6,-124.16,61.0,1.99
364,pedro ii,13,BR,1597861909,20,-4.42,-41.46,93.92,6.46
365,san ignacio,40,BZ,1597861742,66,17.16,-89.07,93.0,4.7
366,krasnoselkup,100,RU,1597861697,92,65.7,82.47,60.17,15.46
367,yabelo,36,ET,1597861911,80,4.88,38.08,60.87,11.14
368,risor,0,NO,1597861912,85,58.72,9.23,66.99,1.01
369,myaundzha,100,RU,1597861913,79,63.05,147.19,41.83,7.61
370,shingu,100,JP,1597861914,84,33.73,135.98,76.87,3.74
371,milkovo,100,RU,1597861916,93,54.72,158.62,49.19,2.13
372,libreville,75,GA,1597861899,78,0.39,9.45,78.8,6.93
373,mehndawal,75,IN,1597861917,100,26.98,83.11,82.4,4.7
374,pemba,40,MZ,1597861918,83,-12.97,40.52,77.0,6.93
375,minuri,100,PH,1597861919,91,16.54,121.86,74.01,2.28
376,marienburg,100,PL,1597861919,73,54.04,19.03,69.01,7.11
377,lyuban,100,BY,1597861920,93,52.8,28.0,64.51,7.94
378,karratha,0,AU,1597861751,38,-20.74,116.85,68.47,7.76
379,bontang,12,ID,1597861922,86,0.13,117.5,75.99,6.02
380,srednekolymsk,43,RU,1597861923,85,67.45,153.68,39.09,6.31
381,krnov,18,CZ,1597861923,88,50.09,17.7,66.0,3.83
382,nanchang,84,CN,1597861840,67,28.68,115.88,83.52,2.24
383,tomakivka,42,UA,1597861925,28,47.82,34.74,84.2,4.47
384,vila franca do campo,20,PT,1597861926,56,37.72,-25.43,73.4,10.29
385,ancud,3,CL,1597861792,65,-41.87,-73.82,51.01,13.87
386,great yarmouth,100,GB,1597861926,99,52.61,1.73,66.99,5.01
387,jinka,100,ET,1597861928,74,5.65,36.65,66.43,4.43
388,kindu,77,CD,1597861928,60,-2.95,25.95,81.73,4.38
389,gizo,87,SB,1597861749,73,-8.1,156.84,81.09,0.4
390,pundaguitan,100,PH,1597861681,75,6.37,126.17,83.01,9.42
391,sola,40,VU,1597861931,94,-13.88,167.55,78.8,11.39
392,kurumkan,0,RU,1597861931,64,54.3,110.3,54.97,2.93
393,vung tau,100,VN,1597861932,79,10.35,107.08,81.43,6.49
394,chase,79,CA,1597861933,40,50.82,-119.69,80.01,4.59
395,alihe,0,CN,1597861934,73,50.57,123.72,43.9,2.24
396,kahului,1,US,1597861936,58,20.89,-156.47,82.4,13.87
397,challans,98,FR,1597861937,78,46.84,-1.87,77.0,6.93
398,trelew,0,AR,1597861713,46,-43.25,-65.31,46.27,14.23
399,akyab,100,MM,1597861939,88,20.15,92.9,80.2,20.0
400,kyshtovka,0,RU,1597861940,93,56.55,76.63,50.72,5.97
401,kailua,20,US,1597861940,65,21.4,-157.74,80.6,11.41
402,amahai,100,ID,1597861787,84,-3.33,128.92,76.98,4.83
403,grand gaube,3,MU,1597861942,65,-20.01,57.66,72.0,4.0
404,bairiki,40,KI,1597861942,83,1.33,172.98,80.6,9.17
405,sangar,98,RU,1597861727,76,63.92,127.47,50.5,3.62
406,ust-karsk,0,RU,1597861944,80,52.7,118.81,46.92,3.53
407,mecca,13,SA,1597861732,34,21.43,39.83,93.88,7.45
408,tendo,0,JP,1597861945,81,38.35,140.37,73.99,1.9
409,saint george,1,US,1597861862,18,37.1,-113.58,100.0,3.36
410,saskylakh,100,RU,1597861947,87,71.92,114.08,35.38,2.93
411,dalby,5,AU,1597861947,41,-27.18,151.27,51.01,10.63
412,leningradskiy,0,RU,1597861695,60,69.38,178.42,47.7,8.57
413,quthing,0,LS,1597861949,70,-30.4,27.7,38.08,1.25
414,kirovohrad,89,UA,1597861949,32,48.51,32.26,77.36,5.57
415,honolulu,20,US,1597861756,61,21.31,-157.86,80.6,13.87
416,linjiang,100,CN,1597861951,89,41.81,126.91,64.15,1.72
417,port said,0,EG,1597861951,69,31.26,32.28,80.13,9.84
418,tiznit,0,MA,1597861952,62,29.58,-9.5,72.77,3.78
419,santa clarita,5,US,1597861851,19,34.39,-118.54,100.99,5.3
420,arlit,0,NE,1597861809,9,18.74,7.39,101.35,9.86
421,ishinomaki,0,JP,1597861956,90,38.42,141.3,73.31,3.87
422,thompson,75,CA,1597861789,53,55.74,-97.86,71.6,5.82
423,tessalit,64,ML,1597861686,29,20.2,1.01,94.53,20.11
424,nabire,74,ID,1597861692,89,-3.37,135.48,74.79,4.76
425,sao joao da barra,0,BR,1597861960,45,-21.64,-41.05,84.2,18.34
426,acapulco,40,MX,1597861714,70,16.86,-99.89,86.0,9.17
427,horsham,75,GB,1597861961,88,51.06,-0.33,68.0,9.17
428,veraval,100,IN,1597861962,84,20.9,70.37,81.9,17.0
429,hit,0,IQ,1597861963,14,33.64,42.83,88.3,7.2
430,turukhansk,100,RU,1597861964,77,65.82,87.98,61.99,7.76
431,olafsvik,22,IS,1597861964,75,64.89,-23.71,50.74,6.11
432,pandhurna,100,IN,1597861965,91,21.6,78.52,75.31,10.11
433,nanakuli,1,US,1597861966,61,21.39,-158.15,80.6,5.82
434,osmena,100,PH,1597861967,78,10.52,119.93,81.54,7.25
435,ronda,0,ES,1597861967,30,36.74,-5.17,91.0,3.0
436,kushima,82,JP,1597861968,78,31.46,131.23,77.4,2.48
437,staryy nadym,100,RU,1597861969,77,65.61,72.68,60.71,12.62
438,barra do garcas,0,BR,1597861969,13,-15.89,-52.26,101.91,8.21
439,monastyrshchina,100,RU,1597861970,95,54.35,31.84,58.95,10.74
440,sakakah,0,SA,1597861659,12,29.97,40.21,93.2,6.93
441,meadow lake,1,US,1597861857,15,34.8,-106.54,89.6,8.46
442,gambela,100,ET,1597861973,91,8.25,34.58,72.84,2.44
443,mount gambier,75,AU,1597861753,81,-37.83,140.77,44.6,8.05
444,neuquen,0,AR,1597861860,26,-38.95,-68.06,48.2,5.82
445,rio grande,20,BR,1597861691,48,-32.03,-52.1,60.8,19.46
446,half moon bay,90,US,1597861977,64,37.46,-122.43,84.0,10.11
447,curitibanos,100,BR,1597861834,93,-27.28,-50.58,57.43,3.18
448,makaryev,0,RU,1597861979,75,57.88,43.81,46.76,4.61
449,port macquarie,0,AU,1597861855,36,-31.43,152.92,60.8,18.34
450,cidreira,79,BR,1597861754,71,-30.18,-50.21,61.16,15.26
451,moerai,89,PF,1597861981,75,-22.43,-151.33,69.84,29.19
452,kurilsk,89,RU,1597861736,97,45.23,147.88,61.03,4.16
453,san quintin,0,MX,1597861767,58,30.48,-115.95,81.55,7.14
454,alanya,0,TR,1597861739,83,36.54,32.0,80.6,4.7
455,chiriqui,75,PA,1597861983,83,8.4,-82.32,80.6,3.36
456,poum,0,NC,1597861807,70,-20.23,164.02,71.94,8.88
457,aksaray,0,TR,1597861986,23,38.37,34.03,77.0,1.12
458,anzio,5,IT,1597861986,74,41.49,12.62,81.0,3.36
459,seoul,40,KR,1597861856,94,37.57,126.98,77.0,1.57
460,melilla,20,ES,1597861717,74,35.29,-2.94,80.6,3.36
461,hasaki,20,JP,1597861774,100,35.73,140.83,75.2,3.36
462,sao gabriel da cachoeira,20,BR,1597861989,63,-0.13,-67.09,91.4,4.7
463,gillette,1,US,1597861990,19,44.29,-105.5,91.0,5.82
464,marzuq,89,YE,1597861741,40,14.4,46.47,84.96,9.69
465,governador dix-sept rosado,17,BR,1597861991,21,-5.46,-37.52,95.34,13.73
466,leshukonskoye,58,RU,1597861992,77,64.9,45.76,44.02,6.22
467,osakarovka,0,KZ,1597861994,63,50.56,72.57,51.71,9.4
468,areosa,90,PT,1597861996,94,41.72,-8.86,72.0,13.87
469,henties bay,0,NA,1597861997,71,-22.12,14.28,59.0,7.65
470,sharjah,0,AE,1597861970,67,25.36,55.4,96.8,4.7
471,cassilandia,0,BR,1597861998,13,-19.11,-51.73,100.96,10.45
472,singaraja,94,ID,1597861999,73,-8.11,115.09,76.73,3.98
473,homer,90,US,1597861999,93,59.64,-151.55,55.4,3.36
474,gushikawa,1,JP,1597862000,78,26.35,127.87,84.2,2.24
475,san carlos del zulia,12,VE,1597862001,62,9.0,-71.91,89.8,5.88
476,beroroha,0,MG,1597862002,44,-21.67,45.17,69.62,4.85
477,cabedelo,20,BR,1597862002,58,-6.98,-34.83,82.4,13.87
478,america dourada,82,BR,1597862003,38,-11.46,-41.44,82.51,11.61
479,kavaratti,100,IN,1597862004,77,10.57,72.64,81.86,12.3
480,ocos,75,GT,1597862005,70,14.51,-92.19,87.8,5.82
481,kinablangan,100,PH,1597862005,79,7.69,126.55,79.07,4.74
482,balsas,15,BR,1597861958,18,-7.53,-46.04,99.05,5.59
483,mogadishu,30,SO,1597862007,86,2.04,45.34,76.78,14.25
484,deputatskiy,92,RU,1597862008,99,69.3,139.9,30.61,3.15
485,podsineye,73,RU,1597862009,93,53.67,91.54,53.6,2.24
486,mahebourg,75,MU,1597862009,68,-20.41,57.7,71.6,14.99
487,pisco,0,PE,1597861788,68,-13.7,-76.22,66.99,9.17
488,vao,14,NC,1597861724,75,-22.67,167.48,70.21,15.93
489,price,1,US,1597862012,13,39.6,-110.81,93.2,6.93
490,koygorodok,100,RU,1597862013,89,60.45,51.0,47.82,10.87
491,ituporanga,100,BR,1597862015,93,-27.41,-49.6,66.99,3.0
492,tawau,20,MY,1597862017,94,4.25,117.89,77.0,1.12
493,tarandacuao,40,MX,1597862017,64,20.0,-100.53,71.6,3.42
494,khalkhal,0,IR,1597862018,70,37.62,48.53,61.48,3.76
495,limon,40,CR,1597862019,66,10.0,-83.03,86.0,9.17
496,edea,75,CM,1597862019,100,3.8,10.13,78.8,3.36
497,airai,6,TL,1597862020,62,-8.93,125.41,55.26,2.28
498,fairbanks,90,US,1597861887,67,64.84,-147.72,59.0,4.7
499,tomatlan,100,MX,1597862021,92,19.93,-105.25,75.11,2.98
500,olutanga,100,PH,1597862022,72,7.31,122.85,82.29,3.22
501,kibala,40,TD,1597862023,78,9.11,18.35,77.0,20.8
502,ciudad bolivar,17,VE,1597862024,48,8.12,-63.55,91.6,6.69
503,jizan,96,SA,1597861726,63,17.33,42.67,93.2,6.93
504,phangnga,20,TH,1597862025,88,8.45,98.53,78.8,3.36
505,athabasca,0,CA,1597861862,40,54.72,-113.29,72.79,5.64
506,biak,51,ID,1597861747,80,-0.91,122.88,74.75,6.49
507,tchibanga,100,GA,1597862027,82,-2.85,11.03,72.77,6.31
508,sterling,20,US,1597862028,51,39.01,-77.43,82.0,8.05
509,chibuto,0,MZ,1597862029,75,-24.69,33.53,58.51,7.07
510,uaua,93,BR,1597862029,24,-9.84,-39.48,88.68,10.94
511,goderich,0,CA,1597861852,69,43.75,-81.72,72.0,3.0
512,comodoro rivadavia,0,AR,1597861991,37,-45.87,-67.5,50.0,13.87
513,nouakchott,90,MR,1597861423,70,18.09,-15.98,84.2,11.41
514,pedernales,20,DO,1597862032,66,18.04,-71.74,91.4,18.34
515,pokrovsk,21,UA,1597862033,47,48.28,37.18,72.93,9.15
516,michigan city,1,US,1597861810,64,41.71,-86.89,75.0,9.17
517,tuatapere,31,NZ,1597862036,97,-46.13,167.68,44.01,1.99
518,kumo,95,NG,1597862037,74,10.04,11.21,79.11,5.95
519,baykit,100,RU,1597861924,64,61.67,96.37,59.99,3.69
520,ust-kulom,100,RU,1597862038,88,61.69,53.69,53.47,11.99
521,chabahar,20,IR,1597862039,83,25.29,60.64,84.2,9.17
522,peremyshl,100,RU,1597862039,72,54.26,36.16,60.8,4.47
523,shubarshi,0,KZ,1597862040,51,48.59,57.19,61.57,3.18
524,opuwo,0,NA,1597862041,28,-18.06,13.84,59.38,7.54
525,namibe,100,AO,1597862042,81,-15.2,12.15,66.76,3.71
526,murud,97,IN,1597862042,87,18.33,72.97,79.93,12.08
527,nerja,0,ES,1597861812,60,36.76,-3.89,82.0,1.97
528,plerin,90,FR,1597862044,78,48.54,-2.78,72.0,16.11
529,tigil,100,RU,1597862044,94,57.8,158.67,53.24,10.56
530,werda,36,BW,1597862045,40,-25.27,23.28,47.01,8.08
531,sheridan,1,US,1597862046,19,44.83,-106.92,91.99,3.36
532,dumas,1,US,1597862046,29,35.87,-101.97,91.0,10.29
533,ulaanbaatar,40,MN,1597862047,54,47.91,106.88,59.0,13.42
534,samarai,0,PG,1597862048,70,-10.62,150.67,74.68,3.76
535,pangnirtung,40,CA,1597861677,66,66.15,-65.71,51.8,11.41
536,varna,20,BG,1597862049,64,43.22,27.92,75.2,5.82
537,caraballeda,75,VE,1597861702,66,10.61,-66.85,86.0,6.93
538,baraboo,1,US,1597862050,44,43.47,-89.74,78.8,8.05
539,mamakan,92,RU,1597862051,73,57.82,114.0,51.67,1.36
540,lhokseumawe,100,ID,1597862052,88,5.18,97.15,77.85,4.65
541,hede,100,CN,1597862054,91,33.77,120.25,78.39,3.87
542,davila,75,PH,1597862057,100,18.47,120.58,77.0,3.36
543,bambanglipuro,2,ID,1597862057,87,-7.95,110.28,72.72,4.61
544,ilhabela,55,BR,1597862058,85,-23.78,-45.36,72.03,9.28
545,paamiut,0,GL,1597862059,64,61.99,-49.67,47.79,8.16
546,luangwa,0,ZM,1597862059,30,-15.62,30.42,75.42,2.8
547,gabane,0,BW,1597862060,19,-24.67,25.78,46.4,2.24
548,nguru,0,NG,1597862061,44,12.88,10.45,88.9,9.98
549,la sarre,100,CA,1597862062,65,48.8,-79.2,58.66,5.66
550,constantine,20,DZ,1597861747,29,36.37,6.61,87.8,11.41
551,jiaocheng,100,CN,1597862063,90,24.68,116.14,75.96,0.51
552,horezu,60,RO,1597862064,80,45.15,24.02,61.27,5.39
553,solnechnyy,0,RU,1597862065,61,50.72,136.63,51.51,8.84
554,port hardy,90,CA,1597862066,93,50.7,-127.42,59.0,10.29
555,lannion,75,FR,1597862067,88,48.75,-3.42,69.8,19.46
556,thinadhoo,100,MV,1597862067,62,0.53,72.93,84.15,3.36
557,pacific grove,90,US,1597861411,64,36.62,-121.92,69.8,4.7
558,dudinka,0,RU,1597862069,54,69.41,86.18,55.4,8.95
559,eqbaliyeh,0,IR,1597862070,19,35.3,51.54,86.0,4.7
560,chany,99,RU,1597862070,88,55.31,76.76,53.08,6.15
561,maningrida,59,AU,1597862071,94,-12.07,134.27,65.46,4.72
562,brigantine,1,US,1597862072,69,39.41,-74.36,75.99,3.36
563,sandwick,90,GB,1597862072,100,60.0,-1.25,59.0,10.29
564,khlung,98,TH,1597862073,84,12.45,102.22,77.07,1.52
565,zhigansk,55,RU,1597862075,71,66.77,123.37,40.48,14.25
566,malamig,100,PH,1597862076,80,12.95,121.37,76.77,3.29
567,sembe,100,CG,1597862077,79,1.65,14.58,75.63,1.43
568,port moresby,40,PG,1597862078,88,-9.44,147.18,75.2,2.24
569,the valley,40,AI,1597862078,66,18.22,-63.06,91.4,14.99
570,lubango,24,AO,1597862079,36,-14.92,13.49,59.4,5.88
571,sao caetano de odivelas,100,BR,1597862080,73,-0.75,-48.02,83.39,10.31
572,junagarh,100,IN,1597862080,92,19.87,82.93,76.35,7.07
